{"val_loss": [0.6929417415015185, 0.6777634171268051, 0.67255650241326, 0.6341324571493602, 0.5919507088680637, 0.5217486203389606, 0.46864820242722394, 0.41428746679386264, 0.3623648000201536, 0.3369535671521215, 0.30943113403474193, 0.2824994907480334, 0.2780634567617961, 0.26303860092144116, 0.2523716555445324, 0.2333339049342993, 0.22905340197028717, 0.21746784838657532, 0.21283456031867506, 0.20907457868544657, 0.19245680309596847, 0.19586380447129656, 0.18584952263042895, 0.18184581215802123, 0.18445379231989245, 0.17829102201512415, 0.17435982855084367, 0.1744060956182855, 0.1754623055154281, 0.16605340381298384, 0.16243030575541817, 0.16262322980385394, 0.16717911978825956, 0.15566569127790386, 0.15431271713125339, 0.1516136888420734, 0.1471268576671967, 0.14887496468192288, 0.13845368347612655, 0.14849733373336485, 0.1411514555465149, 0.13514769016469375, 0.13722384324004913, 0.1386050814292674, 0.1383789656670373, 0.1306779473067148, 0.1307379064799825, 0.1297900334306598, 0.12808045734893167, 0.12482551819874145, 0.12258055724211367, 0.12694326156938243, 0.12461649894752885, 0.1255401535754616, 0.12095973188666322, 0.11962839931562298, 0.11885703928269607, 0.11719905475353555, 0.1117765325457369, 0.11550438164609567, 0.11507789105811175, 0.11291885434066715, 0.11255374044864551, 0.1113274694222611, 0.11340111671002191, 0.11098140593981033, 0.10612714214042147, 0.10933806805843965, 0.09960192352137676, 0.10619408225912119, 0.09991398165817969, 0.09979963366037266, 0.09686240506324222, 0.09897906691307194, 0.09952356350683608, 0.09936784127428272, 0.09834612359828, 0.08908184012219833, 0.09601394531310248, 0.08765784953235779, 0.09123958853715679, 0.09035245121343365, 0.0899679031900839, 0.08968519743521385, 0.0899011000807854, 0.08963979749257878, 0.08623963093038615, 0.08963786756603047, 0.08830086598728956, 0.08441265958746759, 0.08269954407169476, 0.08503612851227872, 0.085123991729219, 0.08732420980691744, 0.08711753907495785, 0.08332958570376567, 0.07783848445663032, 0.07987018564544546, 0.07533201876899752, 0.07782353063604724], "val_acc": [0.5200387847417033, 0.571155089251673, 0.5812987917149228, 0.6337825070797469, 0.6809208890597579, 0.7365620804683021, 0.7738053801550406, 0.8032792998737796, 0.8405101685466845, 0.8516732136582363, 0.866938491366953, 0.8800034806851775, 0.8820421659610349, 0.8911665257759829, 0.896598876239849, 0.9043682561722833, 0.9067923027347234, 0.9111928795008887, 0.9142882005021145, 0.9162522997512815, 0.92266669983084, 0.9212247028929835, 0.9255382626245523, 0.928521704554623, 0.9277012580002174, 0.9278255681118802, 0.9324996270608714, 0.928546566546725, 0.9288573417325229, 0.9334319526538305, 0.9343145542151652, 0.9332952115757546, 0.9310203371200431, 0.9379071155237444, 0.9381681666897729, 0.9405797822235604, 0.9425438814490172, 0.9402938690298644, 0.9470190443159673, 0.9412510566504909, 0.9440107403937946, 0.9473049574770616, 0.9463602008880515, 0.9466336830619863, 0.9451668241172088, 0.9481751280423452, 0.9485107652321002, 0.9483243001253635, 0.9499651931689715, 0.9508353637224, 0.9523270846592794, 0.9513698970623632, 0.9515563621690999, 0.9515066381730408, 0.9527124459280794, 0.955633732797873, 0.9540922877819485, 0.9537442195605772, 0.9586544676834949, 0.9552980955606974, 0.95444035600332, 0.9559942320034402, 0.9575729699956624, 0.9595370692448296, 0.9562925761931871, 0.9581323653840396, 0.9606309979524233, 0.9589279498811399, 0.9618243747351213, 0.9585301576281441, 0.9617124956491472, 0.9622718909960313, 0.963838198012949, 0.9614017204307477, 0.9629058724110986, 0.9628437173478578, 0.9626821142687885, 0.9670702600359389, 0.9646835065179636, 0.9668340709183242, 0.9654542290407448, 0.9669335189815732, 0.9666227437631737, 0.9668962259578548, 0.9664114166169145, 0.9677166724796589, 0.9677166724470572, 0.9682636368275281, 0.9667221918264226, 0.9692581174392714, 0.9695937546527366, 0.9689722042781771, 0.9685868430123408, 0.9683009298186449, 0.9685495500093689, 0.971383819779363, 0.9723285763802281, 0.9704887872101222, 0.9723907314197587, 0.9729501267755342], "loss": [0.7082002037624594, 0.6835009333395151, 0.674929888118867, 0.6621255697725568, 0.6317426872380267, 0.5791903981268124, 0.5252296683902228, 0.4771207313032332, 0.43707019926883905, 0.4074391845261213, 0.3831141884901553, 0.3594947786589856, 0.34320386785282714, 0.3295039814512933, 0.3198486218165678, 0.3102986957520553, 0.3016866503483344, 0.29198014329248095, 0.2864134649162023, 0.2789235258528016, 0.2728825957909316, 0.2690728096200935, 0.268513612731099, 0.2629562260738734, 0.25178271668911406, 0.2507465654065066, 0.24940299823303, 0.24421144750951554, 0.2422326260812836, 0.2408137491252491, 0.2338022472473315, 0.23151159334364121, 0.23118689243550813, 0.22650922741439933, 0.2254227036362492, 0.22267560440407702, 0.22002035277974308, 0.21938628198141888, 0.21583916046316992, 0.2129072165453335, 0.20983919854365304, 0.20895425272757906, 0.2062788630348679, 0.20862526819239582, 0.2024371197852756, 0.20368694004895266, 0.20010255866801505, 0.19868546189430678, 0.19684529156018854, 0.19895559812293334, 0.1948440057997452, 0.19074240278127175, 0.1916626334786089, 0.19127797216353332, 0.18682815465579888, 0.18578743834455475, 0.18655579151527996, 0.18598420678365948, 0.1829382393630109, 0.18206883334599605, 0.1798014231806018, 0.17874736777753086, 0.1773131013310748, 0.1777052142648124, 0.17769292251470759, 0.1752101539621526, 0.17279527648704732, 0.17430911400952276, 0.1714436733465134, 0.17192318527500594, 0.1689576627581498, 0.16747636893234083, 0.1660967946384495, 0.16610871514284262, 0.16725199013158593, 0.1629782500645089, 0.1650540616949931, 0.1616062466711818, 0.1624375620915138, 0.16064404195124468, 0.15841323984332575, 0.15963950203133806, 0.15797678536247517, 0.15693737993848644, 0.15790292748620216, 0.15628894814328312, 0.15453532781524368, 0.15351930005402434, 0.15137348527190733, 0.15283128042590002, 0.14854392255504295, 0.14763433269755902, 0.15261348874268946, 0.14705593300088896, 0.1467539308242858, 0.14862481059222105, 0.14781707592382987, 0.1437635650175409, 0.142762711511247, 0.14343741424924475],